time (s),bit3_2_sampled (V),bit2_2_sampled (V),bit1_2_sampled (V),bit0_2_sampled (V)
1.008E-9,900.1E-3,103.7E-6,-92.63E-6,22.17E-6
1.508E-9,899.9E-3,11.63E-6,180.1E-6,-6.313E-6
2.007E-9,900.0E-3,-36.00E-6,-96.38E-6,900.0E-3
2.508E-9,899.9E-3,-199.7E-6,-191.4E-6,899.9E-3
3.008E-9,900.0E-3,116.3E-6,900.1E-3,-86.17E-6
3.508E-9,900.0E-3,261.0E-6,900.1E-3,-189.8E-6
4.007E-9,900.0E-3,86.01E-6,900.0E-3,-193.9E-6
4.508E-9,900.0E-3,-51.73E-6,899.9E-3,-7.018E-6
5.008E-9,900.1E-3,380.7E-6,900.0E-3,899.9E-3
5.508E-9,900.0E-3,-72.17E-6,899.9E-3,900.0E-3
6.008E-9,900.1E-3,141.6E-6,900.0E-3,900.0E-3
6.508E-9,899.9E-3,49.92E-6,900.1E-3,900.0E-3
7.008E-9,900.1E-3,-80.08E-6,900.2E-3,899.8E-3
7.508E-9,900.2E-3,-132.4E-6,899.8E-3,899.9E-3
8.008E-9,899.9E-3,-368.3E-6,900.1E-3,900.1E-3
8.508E-9,900.0E-3,176.2E-6,900.0E-3,899.9E-3
9.008E-9,900.1E-3,-20.51E-6,900.0E-3,120.0E-6
9.507E-9,899.9E-3,56.70E-6,899.8E-3,-39.52E-6
10.01E-9,899.8E-3,-4.556E-6,191.4E-6,900.0E-3
10.51E-9,900.2E-3,-82.20E-6,3.121E-6,900.0E-3
11.01E-9,900.0E-3,-51.25E-6,-1.286E-6,-35.35E-6
11.51E-9,900.0E-3,-125.1E-6,-342.1E-6,-273.1E-6
12.01E-9,65.19E-6,899.8E-3,900.1E-3,899.9E-3
12.51E-9,-59.67E-6,900.0E-3,900.1E-3,900.0E-3
13.01E-9,-105.4E-6,900.0E-3,900.0E-3,899.9E-3
13.51E-9,73.13E-6,899.8E-3,900.1E-3,899.9E-3
14.01E-9,85.17E-6,899.9E-3,900.0E-3,24.66E-6
14.51E-9,-175.3E-6,900.1E-3,900.2E-3,-118.5E-6
15.01E-9,8.720E-6,900.1E-3,-8.814E-6,899.8E-3
15.51E-9,-253.3E-6,899.9E-3,-251.8E-6,900.1E-3
16.01E-9,-27.28E-6,900.0E-3,-72.76E-6,132.9E-6
16.51E-9,17.71E-6,899.8E-3,-253.8E-6,-58.45E-6
17.01E-9,-224.9E-6,899.9E-3,-190.3E-6,169.7E-6
17.51E-9,-267.5E-6,900.1E-3,-212.6E-6,-25.58E-6
18.01E-9,-35.79E-6,900.0E-3,-36.83E-6,-1.463E-6
18.51E-9,210.4E-6,900.1E-3,71.82E-6,-14.82E-6
19.01E-9,-136.4E-6,899.9E-3,-161.5E-6,-22.27E-6
19.51E-9,-132.1E-6,899.9E-3,-110.7E-6,-86.26E-6
20.01E-9,144.1E-6,900.0E-3,-39.39E-6,-129.9E-6
20.51E-9,-198.1E-6,900.1E-3,129.2E-6,-116.5E-6
21.01E-9,-79.26E-6,900.0E-3,-97.15E-6,900.1E-3
21.51E-9,45.39E-6,900.0E-3,-201.3E-6,900.0E-3
22.01E-9,-306.8E-6,900.0E-3,900.0E-3,73.14E-6
22.51E-9,-177.4E-6,899.9E-3,899.8E-3,-292.1E-6
23.01E-9,-16.43E-6,899.9E-3,899.9E-3,899.9E-3
23.51E-9,-107.3E-6,900.2E-3,900.0E-3,899.9E-3
24.01E-9,899.8E-3,-31.29E-6,-19.19E-6,-36.84E-6
24.51E-9,899.9E-3,-42.42E-6,80.64E-6,-91.16E-6
25.01E-9,900.1E-3,-236.2E-6,-133.2E-6,899.9E-3
25.51E-9,899.9E-3,-57.40E-6,-152.8E-6,900.0E-3
26.01E-9,899.9E-3,-182.3E-6,55.11E-6,900.1E-3
26.51E-9,899.9E-3,-135.9E-6,102.0E-6,899.8E-3
27.01E-9,900.0E-3,-119.6E-6,900.0E-3,-4.085E-6
27.51E-9,900.1E-3,156.5E-6,900.0E-3,-124.5E-6
28.01E-9,900.0E-3,-126.9E-6,899.9E-3,900.0E-3
28.51E-9,900.0E-3,26.26E-6,899.7E-3,899.8E-3
29.01E-9,900.0E-3,-61.22E-6,899.9E-3,899.9E-3
29.51E-9,900.1E-3,-61.64E-6,899.9E-3,899.8E-3
30.01E-9,900.1E-3,-135.0E-6,900.0E-3,900.0E-3
30.51E-9,900.0E-3,15.26E-6,900.0E-3,899.9E-3
31.01E-9,900.0E-3,-130.3E-6,900.0E-3,899.8E-3
31.51E-9,900.0E-3,-106.8E-6,900.0E-3,899.9E-3
32.01E-9,900.1E-3,119.4E-6,899.9E-3,-17.11E-6
32.51E-9,900.1E-3,-163.0E-6,900.1E-3,-85.65E-6
33.01E-9,900.0E-3,-177.5E-6,900.1E-3,158.1E-6
33.51E-9,900.0E-3,-71.47E-6,899.9E-3,-29.44E-6
34.01E-9,900.0E-3,-121.2E-6,-317.4E-6,900.0E-3
34.51E-9,900.0E-3,-46.58E-6,-294.9E-6,899.9E-3
35.01E-9,899.8E-3,-47.10E-6,35.53E-6,-122.0E-6
35.51E-9,899.9E-3,6.697E-6,-53.71E-6,-33.97E-6
36.01E-9,-229.4E-6,900.0E-3,900.0E-3,900.0E-3
36.51E-9,-273.1E-6,900.1E-3,899.9E-3,900.1E-3
37.01E-9,-283.4E-6,899.9E-3,900.1E-3,9.906E-6
37.51E-9,-145.5E-6,900.2E-3,900.0E-3,-130.8E-6
38.01E-9,122.2E-6,900.0E-3,61.16E-6,900.0E-3
38.51E-9,-24.96E-6,900.0E-3,-298.1E-6,900.1E-3
39.01E-9,69.64E-6,900.0E-3,195.7E-6,100.1E-6
39.51E-9,-44.19E-6,899.8E-3,8.140E-6,-139.8E-6
40.01E-9,-46.31E-6,900.1E-3,-82.42E-6,28.96E-6
40.51E-9,-21.45E-6,899.9E-3,-84.66E-6,73.01E-6
41.01E-9,82.10E-6,899.9E-3,-68.76E-6,81.00E-6
41.51E-9,-199.4E-6,899.9E-3,15.94E-6,-57.31E-6
42.01E-9,63.97E-6,900.1E-3,-109.7E-6,55.04E-6
42.51E-9,-218.4E-6,899.9E-3,11.26E-6,-23.12E-6
43.01E-9,17.50E-6,899.9E-3,174.4E-6,36.55E-6
43.51E-9,-29.26E-6,899.8E-3,212.8E-6,55.27E-6
44.01E-9,280.5E-6,900.0E-3,-270.4E-6,900.0E-3
44.51E-9,-53.74E-6,899.8E-3,-364.8E-6,900.0E-3
45.01E-9,234.3E-6,900.0E-3,-300.4E-6,900.2E-3
45.51E-9,-51.72E-6,900.0E-3,211.0E-6,899.9E-3
46.01E-9,-79.16E-6,900.0E-3,900.0E-3,-130.0E-6
46.51E-9,-125.9E-6,899.8E-3,899.9E-3,-103.5E-6
47.01E-9,133.1E-6,899.9E-3,899.9E-3,899.9E-3
47.51E-9,-32.17E-6,899.9E-3,900.0E-3,899.8E-3
48.01E-9,900.1E-3,65.68E-6,-282.1E-6,-188.0E-6
48.51E-9,900.0E-3,219.8E-6,-116.6E-6,85.03E-6
49.01E-9,899.9E-3,-65.44E-6,-132.8E-6,900.1E-3
49.51E-9,900.0E-3,-97.75E-6,-248.5E-6,900.0E-3
50.01E-9,900.0E-3,-29.93E-6,899.8E-3,83.16E-6
50.51E-9,900.1E-3,-51.12E-6,900.1E-3,-205.0E-6
51.01E-9,900.0E-3,80.32E-6,899.9E-3,899.9E-3
51.51E-9,900.0E-3,-45.01E-6,899.9E-3,900.0E-3
52.01E-9,900.1E-3,180.7E-6,900.1E-3,899.9E-3
52.51E-9,900.0E-3,-243.3E-6,899.8E-3,900.0E-3
53.01E-9,899.9E-3,238.7E-6,900.1E-3,900.1E-3
53.51E-9,900.0E-3,-316.7E-6,899.9E-3,899.7E-3
54.01E-9,900.1E-3,-25.82E-6,900.0E-3,899.9E-3
54.51E-9,900.1E-3,123.8E-6,899.9E-3,900.1E-3
55.01E-9,900.0E-3,78.78E-6,899.9E-3,-53.86E-6
55.51E-9,900.0E-3,45.56E-6,899.9E-3,-17.72E-6
56.01E-9,900.0E-3,8.579E-6,900.0E-3,198.8E-6
56.51E-9,900.0E-3,-166.5E-6,899.9E-3,366.5E-6
57.01E-9,900.0E-3,-36.60E-6,282.6E-6,900.0E-3
57.51E-9,900.0E-3,-92.15E-6,-46.62E-6,899.7E-3
58.01E-9,899.9E-3,79.82E-6,155.8E-6,-380.7E-6
58.51E-9,900.0E-3,-114.2E-6,-129.1E-6,-246.7E-6
59.01E-9,-85.94E-6,900.1E-3,899.8E-3,900.1E-3
59.51E-9,-48.03E-6,899.8E-3,899.9E-3,900.0E-3
60.01E-9,-98.58E-6,900.0E-3,900.0E-3,-103.2E-6
60.51E-9,7.600E-6,900.0E-3,900.0E-3,-18.19E-6
61.01E-9,-90.11E-6,900.1E-3,177.8E-6,899.9E-3
61.51E-9,224.4E-6,900.1E-3,-125.8E-6,899.8E-3
62.01E-9,-75.37E-6,900.0E-3,-110.6E-6,899.9E-3
62.51E-9,78.89E-6,900.0E-3,-36.32E-6,899.9E-3
63.01E-9,-231.3E-6,899.9E-3,61.09E-6,99.59E-6
63.51E-9,-168.5E-6,900.1E-3,-119.8E-6,202.6E-6
64.01E-9,-149.1E-6,900.1E-3,6.767E-6,-155.1E-6
64.51E-9,48.80E-6,899.9E-3,-37.77E-6,52.96E-6
65.01E-9,-169.3E-6,900.0E-3,-300.5E-6,18.72E-6
65.51E-9,-252.9E-6,900.0E-3,330.8E-6,135.7E-6
66.01E-9,-47.96E-6,900.0E-3,-84.18E-6,147.3E-6
66.51E-9,-40.16E-6,900.0E-3,61.91E-6,-65.37E-6
67.01E-9,106.2E-6,899.9E-3,-284.4E-6,899.8E-3
67.51E-9,69.41E-6,900.0E-3,-34.51E-6,899.9E-3
68.01E-9,87.99E-6,899.9E-3,197.0E-6,900.1E-3
68.51E-9,-173.4E-6,900.1E-3,141.0E-6,899.9E-3
69.01E-9,50.17E-6,899.9E-3,900.1E-3,107.1E-6
69.51E-9,114.1E-6,900.0E-3,900.1E-3,56.50E-6
70.01E-9,315.7E-6,899.8E-3,900.0E-3,899.9E-3
70.51E-9,201.5E-6,900.0E-3,900.1E-3,900.1E-3
71.01E-9,899.9E-3,-82.78E-6,90.19E-6,-40.18E-6
71.51E-9,900.0E-3,-118.7E-6,-14.54E-6,140.5E-6
72.01E-9,900.0E-3,-118.8E-6,-82.65E-6,900.1E-3
72.51E-9,900.0E-3,73.94E-6,-123.0E-6,899.9E-3
73.01E-9,900.0E-3,130.1E-6,899.8E-3,-25.40E-6
73.51E-9,900.0E-3,175.7E-6,900.1E-3,-69.10E-6
74.01E-9,900.0E-3,-55.34E-6,899.9E-3,-122.7E-6
74.51E-9,900.0E-3,-185.8E-6,900.0E-3,-39.05E-6
75.01E-9,900.0E-3,-6.698E-6,900.0E-3,899.9E-3
75.51E-9,899.9E-3,-27.80E-6,900.0E-3,900.1E-3
76.01E-9,900.0E-3,-90.88E-6,900.1E-3,900.0E-3
76.51E-9,900.0E-3,-208.0E-6,899.9E-3,900.0E-3
77.01E-9,900.0E-3,-119.6E-6,900.0E-3,900.1E-3
77.51E-9,900.1E-3,-19.59E-6,900.0E-3,899.8E-3
78.01E-9,900.0E-3,133.3E-6,900.2E-3,900.1E-3
78.51E-9,900.0E-3,56.89E-6,899.8E-3,899.9E-3
79.01E-9,899.8E-3,-119.9E-6,900.1E-3,100.6E-6
79.51E-9,900.1E-3,-44.97E-6,900.0E-3,176.6E-6
80.01E-9,900.0E-3,-174.9E-6,-115.1E-6,900.0E-3
80.51E-9,900.2E-3,-24.27E-6,-212.5E-6,899.9E-3
81.01E-9,900.0E-3,141.2E-6,-89.20E-6,158.8E-6
81.51E-9,900.1E-3,79.40E-6,-63.40E-6,62.09E-6
82.01E-9,358.9E-6,899.8E-3,900.0E-3,899.8E-3
82.51E-9,6.468E-6,899.9E-3,900.0E-3,900.0E-3
83.01E-9,325.2E-6,900.0E-3,900.0E-3,39.76E-6
83.51E-9,-217.1E-6,900.2E-3,899.9E-3,-11.62E-6
84.01E-9,-183.9E-6,900.1E-3,180.8E-6,899.9E-3
84.51E-9,-192.0E-6,899.9E-3,-5.607E-6,900.0E-3
85.01E-9,-250.5E-6,899.9E-3,129.3E-6,900.0E-3
85.51E-9,-39.75E-6,900.1E-3,-266.8E-6,899.9E-3
86.01E-9,42.71E-6,900.0E-3,98.67E-6,5.415E-6
86.51E-9,144.8E-6,900.1E-3,207.7E-6,-207.7E-6
87.01E-9,-13.20E-6,900.0E-3,110.7E-6,334.1E-6
87.51E-9,-55.90E-6,900.1E-3,-121.7E-6,-238.7E-6
88.01E-9,-18.71E-6,900.0E-3,20.87E-6,160.6E-6
88.51E-9,-146.3E-6,899.9E-3,-50.43E-6,-172.6E-6
89.01E-9,68.52E-6,900.1E-3,16.82E-6,-281.9E-6
89.51E-9,-106.0E-9,899.9E-3,-139.1E-6,257.7E-6
90.01E-9,-91.02E-6,899.9E-3,-149.4E-6,-54.96E-6
90.51E-9,16.94E-6,900.1E-3,-163.4E-6,-160.6E-6
91.01E-9,-110.9E-6,900.0E-3,-177.1E-6,900.0E-3
91.51E-9,-13.23E-6,900.0E-3,24.67E-6,900.0E-3
92.01E-9,108.0E-6,900.0E-3,899.8E-3,53.15E-6
92.51E-9,-804.5E-9,900.1E-3,899.9E-3,-492.5E-6
93.01E-9,184.7E-6,900.0E-3,899.9E-3,900.1E-3
93.51E-9,1.770E-6,900.0E-3,900.2E-3,900.0E-3
94.01E-9,899.9E-3,-137.9E-6,-71.66E-6,71.07E-6
94.51E-9,900.0E-3,-20.04E-6,-219.9E-6,-314.0E-6
95.01E-9,899.9E-3,-46.23E-6,234.4E-6,900.1E-3
95.51E-9,899.9E-3,5.459E-6,36.68E-6,900.1E-3
96.01E-9,900.2E-3,-93.23E-6,900.0E-3,-96.98E-6
96.51E-9,900.0E-3,-103.5E-6,900.2E-3,-202.1E-6
97.01E-9,900.0E-3,27.46E-6,900.1E-3,114.7E-6
97.51E-9,899.8E-3,-332.0E-6,899.9E-3,-255.7E-6
98.01E-9,900.0E-3,150.7E-6,900.1E-3,900.2E-3
98.51E-9,900.1E-3,16.01E-6,900.0E-3,900.0E-3
99.01E-9,900.0E-3,129.3E-6,900.0E-3,899.9E-3
99.51E-9,899.9E-3,-30.07E-6,900.0E-3,900.0E-3
100.0E-9,900.0E-3,72.18E-6,900.0E-3,900.2E-3
100.5E-9,900.0E-3,27.76E-6,900.1E-3,900.0E-3
101.0E-9,899.9E-3,17.21E-6,900.0E-3,899.9E-3
101.5E-9,899.9E-3,131.4E-6,900.1E-3,899.9E-3
102.0E-9,900.0E-3,-77.96E-6,900.1E-3,95.72E-6
102.5E-9,900.1E-3,-108.8E-6,899.8E-3,-25.12E-6
103.0E-9,899.9E-3,-143.2E-6,-372.3E-6,900.2E-3
103.5E-9,900.0E-3,31.70E-6,-170.4E-6,900.0E-3
104.0E-9,900.2E-3,-143.2E-6,-247.8E-6,900.2E-3
104.5E-9,899.9E-3,8.321E-6,152.7E-6,900.1E-3
105.0E-9,899.9E-3,303.8E-6,-204.4E-6,-147.7E-6
105.5E-9,900.1E-3,-121.7E-6,-99.86E-6,-79.36E-6
106.0E-9,-10.90E-6,900.1E-3,900.0E-3,900.1E-3
106.5E-9,46.99E-6,900.0E-3,899.9E-3,899.9E-3
107.0E-9,174.3E-6,900.1E-3,900.0E-3,118.7E-6
107.5E-9,-52.41E-6,900.1E-3,899.9E-3,-74.71E-6
108.0E-9,19.29E-6,900.1E-3,-40.91E-6,900.1E-3
108.5E-9,-9.560E-6,900.0E-3,-233.3E-6,900.0E-3
109.0E-9,-118.1E-6,900.1E-3,251.1E-6,-139.1E-6
109.5E-9,28.24E-6,900.0E-3,-214.5E-6,-335.3E-6
110.0E-9,-136.2E-6,900.0E-3,73.99E-6,-196.9E-6
110.5E-9,45.08E-6,899.9E-3,-138.3E-6,16.26E-6
111.0E-9,-270.6E-6,900.1E-3,23.89E-6,-53.45E-6
111.5E-9,176.4E-6,899.9E-3,-17.30E-6,61.03E-6
112.0E-9,-48.16E-6,899.9E-3,-160.9E-6,-19.79E-6
112.5E-9,159.0E-6,899.9E-3,-21.91E-6,45.04E-6
113.0E-9,86.49E-6,899.9E-3,111.8E-6,-118.3E-6
113.5E-9,-62.35E-6,900.0E-3,-80.52E-6,-23.46E-6
114.0E-9,-55.19E-6,899.9E-3,-222.9E-6,899.9E-3
114.5E-9,-67.81E-6,900.0E-3,-217.6E-6,900.1E-3
115.0E-9,103.3E-6,899.9E-3,900.0E-3,9.475E-6
115.5E-9,-309.8E-6,900.1E-3,899.9E-3,-120.5E-6
116.0E-9,-236.8E-6,899.9E-3,900.0E-3,900.1E-3
116.5E-9,59.12E-6,899.9E-3,899.9E-3,900.0E-3
117.0E-9,-125.7E-6,900.0E-3,900.1E-3,900.1E-3
117.5E-9,-313.1E-6,899.8E-3,900.2E-3,899.9E-3
118.0E-9,900.1E-3,-91.03E-6,202.9E-6,-104.2E-6
118.5E-9,899.9E-3,28.27E-6,-200.9E-6,71.97E-6
119.0E-9,899.9E-3,116.3E-6,14.08E-6,900.1E-3
119.5E-9,900.0E-3,-93.42E-6,270.6E-6,900.0E-3
120.0E-9,899.9E-3,-301.8E-6,899.9E-3,-73.62E-6
120.5E-9,900.1E-3,9.948E-6,899.9E-3,-309.2E-6
121.0E-9,900.0E-3,67.20E-6,899.9E-3,900.1E-3
121.5E-9,900.1E-3,-110.4E-6,899.9E-3,899.9E-3
122.0E-9,900.1E-3,220.3E-6,900.0E-3,900.0E-3
122.5E-9,900.1E-3,-151.3E-6,900.1E-3,900.0E-3
123.0E-9,900.1E-3,-184.2E-6,900.2E-3,899.9E-3
123.5E-9,899.8E-3,79.39E-6,900.0E-3,899.7E-3
124.0E-9,900.0E-3,116.4E-6,900.1E-3,899.9E-3
124.5E-9,900.0E-3,27.88E-6,900.0E-3,899.9E-3
125.0E-9,900.0E-3,-216.2E-6,899.9E-3,-89.38E-6
125.5E-9,900.0E-3,-309.3E-6,900.0E-3,-17.78E-6
126.0E-9,899.8E-3,185.2E-6,899.8E-3,14.15E-6
126.5E-9,900.0E-3,-102.1E-6,900.1E-3,-362.4E-6
127.0E-9,900.0E-3,-110.7E-6,-132.4E-6,899.9E-3
127.5E-9,899.8E-3,-113.8E-6,166.9E-6,899.8E-3
128.0E-9,899.8E-3,-130.1E-6,-154.9E-6,-32.08E-6
128.5E-9,900.2E-3,-117.8E-6,5.188E-6,-34.40E-6
129.0E-9,-83.05E-6,899.8E-3,899.9E-3,899.9E-3
129.5E-9,-37.81E-6,899.9E-3,900.0E-3,900.0E-3
130.0E-9,-174.4E-6,900.1E-3,899.9E-3,165.2E-6
130.5E-9,-85.74E-6,899.9E-3,899.9E-3,-197.1E-6
131.0E-9,332.9E-6,899.9E-3,77.82E-6,900.1E-3
131.5E-9,70.61E-6,900.1E-3,-280.9E-6,899.8E-3
132.0E-9,-75.11E-6,900.0E-3,-367.2E-6,-7.000E-6
132.5E-9,-290.9E-6,900.1E-3,91.33E-6,-123.8E-6
133.0E-9,128.8E-6,900.1E-3,-16.16E-6,-144.8E-6
133.5E-9,-90.67E-6,899.9E-3,-88.37E-9,-73.48E-6
134.0E-9,51.44E-6,900.0E-3,128.9E-6,132.6E-6
134.5E-9,-112.2E-6,900.1E-3,-130.4E-6,58.81E-6
135.0E-9,-98.79E-6,900.0E-3,-184.5E-6,88.59E-6
135.5E-9,20.75E-6,900.0E-3,41.32E-6,-65.69E-6
136.0E-9,-67.79E-6,899.8E-3,-51.08E-6,172.3E-6
136.5E-9,69.28E-6,900.0E-3,169.2E-6,12.14E-6
137.0E-9,-72.09E-6,899.9E-3,36.10E-6,900.0E-3
137.5E-9,-206.8E-6,899.8E-3,-278.3E-6,899.9E-3
138.0E-9,62.10E-6,899.9E-3,-290.2E-6,900.0E-3
138.5E-9,84.42E-6,899.9E-3,-111.4E-6,899.9E-3
139.0E-9,-73.33E-6,899.9E-3,899.8E-3,46.77E-6
139.5E-9,-254.6E-6,900.1E-3,899.9E-3,-143.2E-6
140.0E-9,-288.4E-6,899.9E-3,899.9E-3,900.0E-3
140.5E-9,-20.19E-6,899.9E-3,899.8E-3,900.0E-3
141.0E-9,900.1E-3,112.4E-6,34.03E-6,-60.05E-6
141.5E-9,899.9E-3,-124.2E-6,-121.4E-6,55.15E-6
142.0E-9,899.9E-3,-83.86E-6,-26.85E-6,900.1E-3
142.5E-9,900.0E-3,-199.3E-6,14.71E-6,899.9E-3
143.0E-9,899.8E-3,-192.1E-6,900.0E-3,69.23E-6
143.5E-9,899.9E-3,94.38E-6,900.1E-3,-25.61E-6
144.0E-9,899.9E-3,261.8E-6,900.2E-3,-347.5E-6
144.5E-9,900.1E-3,-181.7E-6,900.1E-3,-178.9E-6
145.0E-9,899.8E-3,158.3E-6,900.0E-3,900.1E-3
145.5E-9,900.1E-3,97.81E-6,900.1E-3,900.0E-3
146.0E-9,900.1E-3,-189.0E-6,899.9E-3,899.9E-3
146.5E-9,900.0E-3,-85.51E-6,899.9E-3,899.9E-3
147.0E-9,899.9E-3,-26.92E-6,900.0E-3,899.9E-3
147.5E-9,900.0E-3,-64.61E-6,899.9E-3,900.0E-3
148.0E-9,899.9E-3,6.997E-6,900.0E-3,188.8E-6
148.5E-9,900.0E-3,-334.9E-6,899.8E-3,-81.60E-6
149.0E-9,899.8E-3,-268.4E-6,899.8E-3,36.47E-6
149.5E-9,899.8E-3,-55.59E-6,899.9E-3,-146.9E-6
150.0E-9,900.0E-3,-16.97E-6,-295.8E-6,900.1E-3
150.5E-9,900.1E-3,331.1E-6,-10.54E-6,899.8E-3
151.0E-9,900.1E-3,249.9E-6,93.40E-6,-171.0E-6
151.5E-9,900.0E-3,-191.2E-6,-294.3E-6,223.8E-6
152.0E-9,-132.4E-6,899.8E-3,899.9E-3,899.9E-3
152.5E-9,121.1E-6,899.9E-3,899.9E-3,899.8E-3
153.0E-9,11.18E-6,900.1E-3,900.0E-3,269.4E-6
153.5E-9,-160.0E-6,900.1E-3,899.8E-3,64.66E-6
154.0E-9,106.7E-6,900.1E-3,-97.68E-6,899.9E-3
154.5E-9,21.71E-6,900.0E-3,-25.52E-6,900.0E-3
155.0E-9,22.18E-6,900.1E-3,-8.329E-6,899.9E-3
155.5E-9,-145.5E-6,899.9E-3,123.3E-6,900.1E-3
156.0E-9,-43.53E-6,900.0E-3,-197.2E-6,-33.21E-6
156.5E-9,-189.1E-6,900.2E-3,30.30E-6,-182.9E-6
157.0E-9,231.9E-6,899.9E-3,-62.19E-6,-32.32E-6
157.5E-9,51.43E-6,899.9E-3,183.8E-6,-132.4E-6
158.0E-9,-151.4E-6,899.9E-3,-23.76E-6,-164.7E-6
158.5E-9,-5.218E-6,900.0E-3,-30.10E-6,75.80E-6
159.0E-9,-27.54E-6,900.1E-3,-220.9E-6,-128.1E-6
159.5E-9,74.78E-6,900.0E-3,-47.36E-6,-187.2E-6
160.0E-9,-178.7E-6,900.1E-3,-166.9E-6,209.3E-6
160.5E-9,-183.7E-6,900.0E-3,21.23E-6,-150.9E-6
161.0E-9,17.46E-6,900.1E-3,-60.95E-6,900.1E-3
161.5E-9,-60.64E-6,899.9E-3,-117.6E-6,900.0E-3
162.0E-9,-15.59E-6,900.0E-3,900.1E-3,-73.95E-6
162.5E-9,-321.2E-6,900.0E-3,900.1E-3,-172.8E-6
163.0E-9,87.49E-6,900.1E-3,899.9E-3,899.9E-3
163.5E-9,-76.79E-6,899.8E-3,899.9E-3,899.9E-3
164.0E-9,900.0E-3,-210.0E-6,-203.6E-6,-10.83E-6
164.5E-9,899.9E-3,-28.31E-6,-49.75E-6,-285.9E-6
165.0E-9,899.9E-3,152.8E-6,8.899E-6,900.2E-3
165.5E-9,899.8E-3,86.50E-6,-338.2E-6,899.9E-3
166.0E-9,900.0E-3,164.0E-6,900.1E-3,-136.3E-6
166.5E-9,899.9E-3,-84.40E-6,899.9E-3,-136.4E-6
167.0E-9,900.0E-3,-102.7E-6,899.9E-3,-173.5E-6
167.5E-9,899.9E-3,-121.6E-6,899.9E-3,-36.24E-6
168.0E-9,899.8E-3,-117.7E-6,899.9E-3,900.1E-3
168.5E-9,900.1E-3,-80.98E-6,899.9E-3,899.9E-3
169.0E-9,900.1E-3,51.03E-6,900.1E-3,900.0E-3
169.5E-9,900.0E-3,-312.1E-6,900.0E-3,900.0E-3
170.0E-9,900.1E-3,-105.3E-6,900.1E-3,899.9E-3
170.5E-9,900.1E-3,-66.90E-6,900.1E-3,899.9E-3
171.0E-9,900.1E-3,108.5E-6,900.1E-3,900.1E-3
171.5E-9,900.1E-3,-138.2E-6,900.0E-3,900.0E-3
172.0E-9,899.9E-3,89.25E-6,900.0E-3,278.5E-6
172.5E-9,900.1E-3,-224.8E-6,900.1E-3,-139.1E-6
173.0E-9,899.9E-3,-3.130E-6,-123.2E-6,900.1E-3
173.5E-9,900.0E-3,-132.5E-6,-290.0E-6,899.9E-3
174.0E-9,900.0E-3,-179.2E-6,68.76E-6,264.1E-6
174.5E-9,899.9E-3,-170.5E-6,-64.39E-6,-46.30E-6
175.0E-9,69.95E-6,900.1E-3,900.1E-3,900.1E-3
175.5E-9,-96.54E-6,900.1E-3,900.0E-3,900.0E-3
176.0E-9,-155.4E-6,900.0E-3,900.0E-3,308.5E-6
176.5E-9,-347.7E-6,899.8E-3,899.8E-3,-66.78E-6
177.0E-9,-160.7E-6,900.2E-3,899.9E-3,71.82E-6
177.5E-9,-85.29E-6,900.0E-3,900.0E-3,-205.2E-6
178.0E-9,123.7E-6,899.9E-3,3.945E-6,900.1E-3
178.5E-9,165.9E-6,900.0E-3,-54.82E-6,900.0E-3
179.0E-9,-67.81E-6,900.0E-3,-155.4E-6,-267.1E-6
179.5E-9,-77.30E-6,900.1E-3,-106.0E-6,-61.02E-6
180.0E-9,78.93E-6,899.9E-3,-132.8E-6,-48.05E-6
180.5E-9,256.7E-6,900.1E-3,-58.97E-6,-62.67E-6
181.0E-9,-175.3E-6,899.9E-3,11.22E-6,273.9E-6
181.5E-9,-9.713E-6,900.0E-3,103.2E-6,-137.3E-6
182.0E-9,-107.9E-6,899.9E-3,-198.8E-6,154.7E-6
182.5E-9,-1.328E-6,900.1E-3,128.2E-6,-252.9E-6
183.0E-9,-15.97E-6,900.0E-3,68.72E-6,-53.60E-6
183.5E-9,-201.5E-6,900.0E-3,-22.45E-6,-110.1E-6
184.0E-9,-118.7E-6,899.9E-3,-5.547E-6,900.0E-3
184.5E-9,-14.52E-6,900.0E-3,260.3E-6,900.0E-3
185.0E-9,-52.33E-6,899.9E-3,900.0E-3,49.63E-6
185.5E-9,-17.98E-6,899.9E-3,900.0E-3,135.8E-6
186.0E-9,19.18E-6,899.8E-3,900.0E-3,899.8E-3
186.5E-9,-104.5E-6,899.9E-3,900.0E-3,900.0E-3
187.0E-9,899.9E-3,-47.87E-6,88.86E-6,-152.9E-6
187.5E-9,900.0E-3,-101.6E-6,261.3E-6,10.34E-6
188.0E-9,900.1E-3,-102.9E-6,45.14E-6,899.9E-3
188.5E-9,899.9E-3,24.26E-6,-47.04E-6,899.9E-3
189.0E-9,899.9E-3,118.8E-6,-20.81E-6,900.0E-3
189.5E-9,900.1E-3,-18.35E-6,163.7E-6,900.2E-3
190.0E-9,899.9E-3,155.0E-6,899.9E-3,-170.4E-6
190.5E-9,900.0E-3,17.78E-6,899.9E-3,111.9E-6
191.0E-9,899.8E-3,97.81E-6,900.0E-3,900.0E-3
191.5E-9,900.0E-3,54.02E-6,900.2E-3,899.8E-3
192.0E-9,900.0E-3,130.6E-6,899.9E-3,899.9E-3
192.5E-9,900.0E-3,-77.16E-6,899.9E-3,899.9E-3
193.0E-9,900.0E-3,88.44E-6,900.0E-3,899.9E-3
193.5E-9,900.0E-3,138.5E-6,899.8E-3,900.1E-3
194.0E-9,900.0E-3,-241.6E-6,900.1E-3,899.9E-3
194.5E-9,899.9E-3,179.0E-6,899.9E-3,900.0E-3
195.0E-9,899.9E-3,98.58E-6,900.1E-3,2.043E-6
195.5E-9,899.8E-3,76.08E-6,899.9E-3,-102.9E-6
196.0E-9,899.9E-3,-67.86E-6,119.7E-6,899.7E-3
196.5E-9,900.0E-3,-126.0E-6,-13.32E-6,899.9E-3
197.0E-9,900.1E-3,-29.60E-6,-279.0E-6,900.1E-3
197.5E-9,899.8E-3,138.6E-6,-23.59E-6,899.8E-3
198.0E-9,900.1E-3,-102.9E-6,-107.1E-6,-23.00E-6
198.5E-9,900.0E-3,-75.00E-6,20.73E-6,104.4E-6
199.0E-9,-134.6E-6,900.0E-3,900.0E-3,900.1E-3
199.5E-9,36.72E-6,900.2E-3,900.0E-3,899.9E-3
200.0E-9,130.9E-6,900.1E-3,900.0E-3,26.38E-6
200.5E-9,100.6E-6,899.9E-3,900.0E-3,-216.4E-6
201.0E-9,-67.29E-6,900.0E-3,-2.989E-6,899.8E-3
201.5E-9,295.1E-6,899.9E-3,144.1E-6,899.9E-3
202.0E-9,-25.46E-6,900.0E-3,-153.0E-6,-65.01E-6
202.5E-9,-191.8E-6,900.0E-3,26.10E-6,-285.9E-6
203.0E-9,-167.5E-6,899.8E-3,-10.68E-6,-177.0E-6
203.5E-9,103.4E-6,900.0E-3,-50.90E-6,-135.4E-6
204.0E-9,-30.59E-6,900.0E-3,55.58E-6,4.739E-6
204.5E-9,106.9E-6,900.0E-3,-73.72E-6,-165.3E-6
205.0E-9,130.9E-6,900.2E-3,-161.1E-6,-55.91E-6
205.5E-9,69.23E-6,900.0E-3,47.62E-6,-376.2E-6
206.0E-9,48.48E-6,900.1E-3,137.7E-6,6.333E-6
206.5E-9,-64.81E-6,900.1E-3,96.86E-6,-254.7E-6
207.0E-9,-144.2E-6,899.9E-3,68.95E-6,899.9E-3
207.5E-9,68.89E-6,900.1E-3,53.66E-6,899.9E-3
208.0E-9,24.59E-6,900.0E-3,900.1E-3,17.68E-6
208.5E-9,76.42E-6,899.9E-3,900.0E-3,-165.5E-6
209.0E-9,170.6E-6,899.9E-3,899.8E-3,-16.04E-6
209.5E-9,269.6E-6,900.0E-3,899.8E-3,9.264E-6
210.0E-9,97.82E-6,900.0E-3,900.0E-3,900.0E-3
210.5E-9,-44.61E-6,900.0E-3,900.1E-3,899.7E-3
211.0E-9,899.9E-3,-33.84E-6,-5.636E-6,167.3E-6
211.5E-9,899.9E-3,152.1E-6,196.7E-6,-133.6E-6
212.0E-9,900.1E-3,-104.9E-6,45.55E-6,900.0E-3
212.5E-9,900.1E-3,-69.05E-6,-16.61E-6,900.0E-3
213.0E-9,900.0E-3,93.24E-6,900.0E-3,181.2E-6
213.5E-9,899.9E-3,264.2E-6,899.8E-3,27.69E-6
214.0E-9,900.1E-3,290.8E-6,900.2E-3,900.0E-3
214.5E-9,900.0E-3,-307.5E-6,899.9E-3,900.1E-3
215.0E-9,900.0E-3,105.1E-6,899.8E-3,900.1E-3
215.5E-9,900.0E-3,92.38E-6,900.1E-3,899.9E-3
216.0E-9,900.0E-3,6.038E-6,900.2E-3,900.1E-3
216.5E-9,900.1E-3,-15.52E-6,900.0E-3,900.1E-3
217.0E-9,899.9E-3,-275.3E-6,900.0E-3,900.0E-3
217.5E-9,899.9E-3,-186.2E-6,900.0E-3,899.8E-3
218.0E-9,899.9E-3,-122.1E-6,900.1E-3,-189.3E-6
218.5E-9,899.9E-3,-17.56E-6,900.0E-3,-117.3E-6
219.0E-9,900.0E-3,54.93E-6,900.0E-3,-217.7E-6
219.5E-9,899.9E-3,70.07E-6,900.0E-3,-343.2E-6
220.0E-9,900.0E-3,39.20E-6,-214.4E-6,899.9E-3
220.5E-9,899.8E-3,-208.8E-6,116.5E-6,900.0E-3
221.0E-9,899.9E-3,-95.08E-6,147.3E-6,-34.74E-6
221.5E-9,899.8E-3,5.460E-6,8.376E-6,95.35E-6
222.0E-9,-266.9E-6,900.0E-3,900.1E-3,899.9E-3
222.5E-9,66.63E-6,900.0E-3,899.9E-3,900.1E-3
223.0E-9,46.94E-6,899.9E-3,900.0E-3,-274.1E-6
223.5E-9,-122.5E-6,899.9E-3,900.1E-3,-139.1E-6
224.0E-9,-175.7E-6,899.9E-3,-36.71E-6,899.9E-3
224.5E-9,-6.746E-6,900.0E-3,-219.8E-6,900.0E-3
225.0E-9,-134.0E-6,900.1E-3,-6.378E-6,197.4E-6
225.5E-9,76.48E-6,900.0E-3,-42.64E-6,-65.79E-6
226.0E-9,167.8E-6,900.1E-3,-84.88E-6,160.3E-6
226.5E-9,165.4E-6,900.0E-3,-6.593E-6,66.10E-6
227.0E-9,-206.6E-6,900.0E-3,-215.4E-6,-113.0E-6
227.5E-9,-61.13E-6,900.0E-3,-103.2E-6,-295.4E-6
228.0E-9,119.0E-6,899.9E-3,-74.86E-6,124.3E-6
228.5E-9,-231.4E-6,900.0E-3,-40.68E-6,-308.3E-6
229.0E-9,121.1E-6,900.1E-3,123.9E-6,-37.19E-6
229.5E-9,130.8E-6,900.0E-3,-139.2E-6,-141.4E-6
230.0E-9,53.03E-6,900.1E-3,-319.3E-6,900.1E-3
230.5E-9,-154.5E-6,900.1E-3,173.3E-6,899.8E-3
231.0E-9,-35.50E-6,900.1E-3,125.5E-6,899.9E-3
231.5E-9,-208.2E-6,900.1E-3,-109.0E-6,899.9E-3
232.0E-9,-95.24E-6,900.0E-3,899.9E-3,293.0E-6
232.5E-9,166.3E-6,899.9E-3,900.0E-3,-37.45E-6
233.0E-9,79.54E-6,900.0E-3,900.1E-3,900.1E-3
233.5E-9,-172.3E-6,900.0E-3,899.9E-3,899.9E-3
234.0E-9,900.0E-3,234.6E-6,103.0E-6,-258.5E-6
234.5E-9,900.0E-3,106.5E-6,-75.35E-6,-98.24E-6
235.0E-9,899.8E-3,144.1E-6,-107.4E-6,899.9E-3
235.5E-9,899.9E-3,-10.83E-6,-20.63E-6,900.0E-3
236.0E-9,899.9E-3,-11.00E-6,899.9E-3,222.5E-6
236.5E-9,899.9E-3,-200.3E-6,899.9E-3,65.92E-6
237.0E-9,900.0E-3,-101.7E-6,900.1E-3,-153.2E-6
237.5E-9,900.0E-3,-295.3E-6,900.3E-3,90.82E-6
238.0E-9,900.1E-3,52.98E-6,900.1E-3,900.1E-3
238.5E-9,900.0E-3,-162.4E-6,899.8E-3,900.1E-3
239.0E-9,900.2E-3,228.6E-6,900.0E-3,899.9E-3
239.5E-9,900.0E-3,-153.7E-6,900.0E-3,899.9E-3
240.0E-9,899.9E-3,94.38E-6,900.0E-3,899.9E-3
240.5E-9,899.9E-3,121.5E-6,899.9E-3,899.9E-3
241.0E-9,899.9E-3,84.96E-6,900.0E-3,-99.25E-6
241.5E-9,899.9E-3,-7.652E-6,900.0E-3,-153.7E-6
242.0E-9,900.0E-3,194.9E-6,899.9E-3,-109.6E-6
242.5E-9,900.1E-3,81.21E-6,899.9E-3,70.75E-6
243.0E-9,900.0E-3,-9.483E-6,-116.3E-6,900.0E-3
243.5E-9,899.9E-3,-76.39E-6,64.82E-6,900.1E-3
244.0E-9,899.7E-3,-28.21E-6,-128.8E-6,-51.76E-6
244.5E-9,900.0E-3,-93.54E-6,-143.9E-6,-115.8E-6
245.0E-9,-84.04E-6,900.0E-3,900.0E-3,900.0E-3
245.5E-9,-231.9E-6,900.0E-3,900.1E-3,900.1E-3
246.0E-9,-15.06E-6,899.9E-3,900.0E-3,79.56E-6
246.5E-9,-125.7E-6,900.1E-3,899.9E-3,-348.2E-6
247.0E-9,-97.85E-6,899.8E-3,-207.0E-6,900.0E-3
247.5E-9,-206.6E-6,899.8E-3,-4.009E-6,899.9E-3
248.0E-9,-102.9E-6,900.1E-3,101.7E-6,899.9E-3
248.5E-9,-210.9E-6,900.1E-3,-180.1E-6,899.8E-3
249.0E-9,90.27E-6,900.0E-3,-284.9E-6,-38.09E-6
249.5E-9,-198.9E-6,899.9E-3,-236.4E-6,124.5E-6
250.0E-9,-128.7E-6,899.9E-3,58.85E-6,-64.98E-6
250.5E-9,-266.0E-6,900.1E-3,-12.36E-6,93.46E-6
251.0E-9,-71.36E-6,900.0E-3,-12.04E-6,-233.0E-6
251.5E-9,-66.88E-6,899.8E-3,25.41E-6,-56.76E-6
252.0E-9,-124.8E-6,900.0E-3,95.57E-6,-83.03E-6
252.5E-9,-101.1E-6,899.9E-3,64.27E-6,-60.51E-6
253.0E-9,278.9E-6,900.0E-3,-198.6E-6,-32.08E-6
253.5E-9,-165.9E-6,900.0E-3,-126.1E-6,-246.6E-6
254.0E-9,-21.99E-6,899.9E-3,52.29E-6,900.1E-3
254.5E-9,82.46E-6,899.9E-3,19.34E-6,899.9E-3
255.0E-9,13.75E-6,900.1E-3,900.0E-3,56.94E-6
255.5E-9,-213.8E-6,900.0E-3,899.9E-3,-105.0E-9
256.0E-9,-143.8E-6,899.9E-3,900.0E-3,899.9E-3
256.5E-9,-257.2E-6,900.0E-3,900.2E-3,900.1E-3
